team,name,position,actual,pregame,screenshot_projection,clock,remaining_fraction,expected_final,model_final,error
Prescott,Justin Herbert,QB,0.0,19.624,19.62,SOON,1.0,19.62,19.624,0.003999999999997783
Prescott,Saquon Barkley,RB,0.0,15.054,15.05,SOON,1.0,15.05,15.054,0.0039999999999995595
Prescott,Breece Hall,RB,13.5,14.38,15.94,8:38,0.3938888888888889,15.94,15.94112638888889,0.0011263888888901619
Prescott,CeeDee Lamb,WR,0.0,13.091,13.09,SOON,1.0,13.09,13.091,0.0009999999999994458
Prescott,George Pickens,WR,0.0,12.982,12.98,SOON,1.0,12.98,12.982,0.0019999999999988916
Prescott,Dalton Kincaid,TE,4.3,6.815,6.04,9:26,0.4072222222222222,6.04,6.03723262345679,-0.0027673765432103536
Prescott,Tetairoa McMillan,WR,1.9,12.562000000000001,7.71,15:00,0.5,7.71,7.7059999999999995,-0.004000000000000448
Prescott,Trey Smack,K,0.0,7.728000000000001,7.18,SOON,1.0,7.18,7.728000000000001,0.5480000000000009
Prescott,NE,DEF,6.0,6.66,6.66,FINAL,0.0,6.0,6.0,0.0
Buttery,Jalen Hurts,QB,0.0,23.613400000000002,23.61,SOON,1.0,23.61,23.613400000000002,0.003400000000002734
Buttery,David Montgomery,RB,18.5,14.142000000000001,21.57,9:26,0.4072222222222222,21.57,21.56785385802469,-0.00214614197530949
Buttery,Rachaad White,RB,0.0,7.686,7.69,SOON,1.0,7.69,7.686,-0.004000000000000448
Buttery,A.J. Brown,WR,4.1,14.147,14.15,FINAL,0.0,4.1,4.1,0.0
Buttery,Tee Higgins,WR,5.1,13.732000000000001,8.46,4:34,0.32611111111111113,8.46,8.457368240740742,-0.00263175925925907
Buttery,Mark Andrews,TE,2.2,8.318,5.7,14:14,0.4872222222222222,5.7,5.703073641975308,0.003073641975308128
Buttery,Christian Watson,WR,0.0,10.723,10.72,SOON,1.0,10.72,10.723,0.0030000000000001137
Buttery,Will Reichard,K,0.0,7.384000000000001,6.89,SOON,1.0,6.89,7.384000000000001,0.49400000000000155
Buttery,LAR,DEF,2.0,7.1000000000000005,7.1,FINAL,0.0,2.0,2.0,0.0
Epstein,Brock Purdy,QB,27.1,21.244600000000002,21.24,FINAL,0.0,27.1,27.1,0.0
Epstein,Rhamondre Stevenson,RB,12.0,14.966000000000001,14.97,FINAL,0.0,12.0,12.0,0.0
Epstein,Tony Pollard,RB,1.8,10.464,5.49,8:38,0.3938888888888889,5.49,5.491920555555556,0.001920555555555481
Epstein,Alec Pierce,WR,1.8,7.954000000000001,5.23,14:14,0.4872222222222222,5.23,5.225659444444445,-0.004340555555555348
Epstein,Michael Pittman,WR,2.6,8.286999999999999,5.54,10:54,0.43166666666666664,5.54,5.539362222222222,-0.0006377777777784033
Epstein,Michael Mayer,TE,0.0,6.682,6.68,SOON,1.0,6.68,6.682,0.002000000000000668
Epstein,Malachi Fields,WR,0.0,6.499,6.5,SOON,1.0,6.5,6.499,-0.001000000000000334
Epstein,Cairo Santos,K,8.0,7.178000000000001,10.0,HALF,0.5,10.0,10.0,0.0
Epstein,HOU,DEF,1.0,7.11,3.49,9:26,0.4072222222222222,3.49,3.4881277777777777,-0.0018722222222224971
Tenants,Joe Burrow,QB,14.48,25.1098,19.73,5:18,0.3383333333333333,19.73,19.733933222222223,0.00393322222222281
Tenants,Jahmyr Gibbs,RB,22.0,19.725,26.21,11:14,0.43722222222222223,26.21,26.205591975308643,-0.004408024691358037
Tenants,Kyren Williams,RB,14.0,13.587,13.59,FINAL,0.0,14.0,14.0,0.0
Tenants,Ladd McConkey,WR,0.0,10.834000000000001,10.83,SOON,1.0,10.83,10.834000000000001,0.004000000000001336
Tenants,Terry McLaurin,WR,0.0,9.84,9.84,SOON,1.0,9.84,9.84,0.0
Tenants,Colston Loveland,TE,0.0,11.21,5.61,HALF,0.5,5.61,5.605,-0.004999999999999893
Tenants,Brian Thomas,WR,5.5,8.792,7.13,4:19,0.3219444444444444,7.13,7.129906350308642,-9.364969135816636e-05
Tenants,Andy Borregales,K,6.0,6.567,6.16,FINAL,0.0,6.0,6.0,0.0
Tenants,NO,DEF,4.0,3.8000000000000003,4.0,11:14,0.43722222222222223,4.0,4.0,0.0
Second Sanborn,Patrick Mahomes,QB,0.0,16.8844,16.88,SOON,1.0,16.88,16.8844,0.004400000000000404
Second Sanborn,Bucky Irving,RB,12.9,13.426,14.55,5:18,0.3383333333333333,14.55,14.554619166666667,0.004619166666666175
Second Sanborn,Jacory Croskey-Merritt,RB,0.0,8.855,8.86,SOON,1.0,8.86,8.855,-0.004999999999999005
Second Sanborn,Amon-Ra St. Brown,WR,5.2,16.593,11.18,11:14,0.43722222222222223,11.18,11.175321790123458,-0.004678209876541217
Second Sanborn,Justin Jefferson,WR,0.0,14.245,14.25,SOON,1.0,14.25,14.245,-0.005000000000000782
Second Sanborn,Tucker Kraft,TE,0.0,8.725,8.73,SOON,1.0,8.73,8.725,-0.005000000000000782
Second Sanborn,Marvin Harrison,WR,0.0,8.122,8.12,SOON,1.0,8.12,8.122,0.002000000000000668
Second Sanborn,Chase McLaughlin,K,4.4,6.894,5.58,5:18,0.3383333333333333,5.58,5.747468888888889,0.1674688888888891
Second Sanborn,SEA,DEF,13.0,8.790000000000001,8.79,FINAL,0.0,13.0,13.0,0.0
Back2Back,Drake Maye,QB,11.82,22.1794,22.18,FINAL,0.0,11.82,11.82,0.0
Back2Back,Kenneth Walker,RB,0.0,12.298,12.3,SOON,1.0,12.3,12.298,-0.002000000000000668
Back2Back,Omarion Hampton,RB,0.0,14.144,14.14,SOON,1.0,14.14,14.144,0.0039999999999995595
Back2Back,Jaxon Smith-Njigba,WR,22.2,16.257,16.26,FINAL,0.0,22.2,22.2,0.0
Back2Back,Drake London,WR,1.3,11.694,6.03,10:54,0.43166666666666664,6.03,6.0289802777777775,-0.0010197222222227964
Back2Back,Kyle Pitts,TE,0.0,7.699000000000001,3.32,10:54,0.43166666666666664,3.32,3.323401666666667,0.0034016666666669693
Back2Back,Malik Nabers,WR,0.0,10.668000000000001,10.67,SOON,1.0,10.67,10.668000000000001,-0.0019999999999988916
Back2Back,Jason Myers,K,6.6,7.622,7.12,FINAL,0.0,6.6,6.6,0.0
Back2Back,PIT,DEF,9.0,9.22,9.09,10:54,0.43166666666666664,9.09,9.094966666666666,0.004966666666666342
Saco,Baker Mayfield,QB,3.8,22.0448,10.57,5:46,0.3461111111111111,10.57,10.569941024691357,-5.8975308643738344e-05
Saco,Christian McCaffrey,RB,11.3,17.113,17.11,FINAL,0.0,11.3,11.3,0.0
Saco,Derrick Henry,RB,20.7,14.693000000000001,25.84,14:54,0.49833333333333335,25.84,25.8405575,0.0005574999999993224
Saco,Ja'Marr Chase,WR,2.2,16.965,7.57,5:46,0.3461111111111111,7.57,7.573874938271605,0.0038749382716050107
Saco,Davante Adams,WR,4.1,10.592,10.59,FINAL,0.0,4.1,4.1,0.0
Saco,Brenton Strange,TE,9.3,6.557,10.34,5:06,0.335,10.34,10.343692500000001,0.0036925000000014307
Saco,Chris Olave,WR,5.5,13.115,9.88,11:14,0.43722222222222223,9.88,9.880845216049384,0.0008452160493828131
Saco,Brandon Aubrey,K,0.0,7.519,7.03,SOON,1.0,7.03,7.519,0.4889999999999999
Saco,DEN,DEF,0.0,7.1499999999999995,7.15,SOON,1.0,7.15,7.1499999999999995,-8.881784197001252e-16
TJ,Jaxson Dart,QB,0.0,21.266,21.27,SOON,1.0,21.27,21.266,-0.004000000000001336
TJ,Javonte Williams,RB,0.0,16.183,16.18,SOON,1.0,16.18,16.183,0.0030000000000001137
TJ,Bhayshul Tuten,RB,8.3,9.699,9.7,5:06,0.335,9.7,9.7001325,0.0001325000000012011
TJ,Puka Nacua,WR,9.9,17.188,17.19,FINAL,0.0,9.9,9.9,0.0
TJ,Nico Collins,WR,12.8,13.648000000000001,15.43,10:18,0.4216666666666667,15.43,15.43344888888889,0.003448888888890167
TJ,Tyler Warren,TE,1.4,11.073,6.57,14:54,0.49833333333333335,6.57,6.568048888888889,-0.0019511111111114587
TJ,Zay Flowers,WR,23.5,12.788,29.34,14:54,0.49833333333333335,29.34,29.335898611111112,-0.004101388888887669
TJ,Harrison Mevis,K,1.0,7.720000000000001,7.21,FINAL,0.0,1.0,1.0,0.0
TJ,CHI,DEF,4.0,6.7700000000000005,5.38,HALF,0.5,5.38,5.385,0.004999999999999893
Gerry,Lamar Jackson,QB,23.16,21.8412,28.95,15:00,0.5,28.95,28.95,0.0
Gerry,Bijan Robinson,RB,19.5,17.226,23.19,11:06,0.435,23.19,23.1898875,-0.0001125000000001819
Gerry,Jonathan Taylor,RB,15.7,17.117,20.33,15:00,0.5,20.33,20.3335,0.003500000000002501
Gerry,Rashee Rice,WR,0.0,10.186,10.19,SOON,1.0,10.19,10.186,-0.0039999999999995595
Gerry,Garrett Wilson,WR,7.1,12.335,10.26,8:38,0.3938888888888889,10.26,10.26356237654321,0.0035623765432095666
Gerry,Trey McBride,TE,0.0,11.013000000000002,11.01,SOON,1.0,11.01,11.013000000000002,0.00300000000000189
Gerry,De'Von Achane,RB,0.0,14.816,14.82,SOON,1.0,14.82,14.816,-0.0039999999999995595
Gerry,Jake Bates,K,2.0,7.944,4.76,11:14,0.43722222222222223,4.76,4.981175432098766,0.22117543209876622
Gerry,LAC,DEF,0.0,8.129999999999999,8.13,SOON,1.0,8.13,8.129999999999999,-1.7763568394002505e-15
Creed,Josh Allen,QB,27.72,21.486200000000004,32.73,10:31,0.42527777777777775,32.73,32.733472138888885,0.00347213888888831
Creed,James Cook,RB,4.7,15.099,9.97,10:31,0.42527777777777775,9.97,9.972511195987654,0.0025111959876529255
Creed,Chase Brown,RB,12.3,14.957,14.69,5:46,0.3461111111111111,14.69,14.693069907407407,0.003069907407407868
Creed,Jaylen Waddle,WR,0.0,11.741000000000001,11.74,SOON,1.0,11.74,11.741000000000001,0.0010000000000012221
Creed,Courtland Sutton,WR,0.0,8.481,8.48,SOON,1.0,8.48,8.481,0.0009999999999994458
Creed,Isaiah Likely,TE,0.0,8.41,8.41,SOON,1.0,8.41,8.41,0.0
Creed,Woody Marks,RB,2.3,8.166,5.21,10:31,0.42527777777777775,5.21,5.210660177469135,0.0006601774691352702
Creed,Eddy Pineiro,K,10.6,7.016,6.56,FINAL,0.0,10.6,10.6,0.0
Creed,DET,DEF,15.0,7.3500000000000005,15.0,11:34,0.44277777777777777,15.0,15.0,0.0
